country,year,imports_usd,exports_usd,currency,observations,avg_rate,start_rate,end_rate,annual_change_pct,volatility_pct,min_rate,max_rate,remittances_usd,gdp_usd,gdp_growth_pct,inflation_pct,current_account_pct_gdp,reserves_usd
Ghana,2015,14687476669.332,13755564937.275,GHS,258,3.748113178294574,3.2024,3.8138,19.09193105171123,0.9285636030215076,3.2008,4.373,4982442361.78623,49436806230.4839,2.12075933817334,17.1499695007878,-5.7116156025854,5742645886.29529
Ghana,2016,12855057026.135,12031925300.375,GHS,259,3.9391814671814673,3.8138,4.2491,11.41381299491322,0.4590886165639061,3.7976,4.261,2979934204.38383,56144179397.8516,3.37346574966936,17.4546347070868,-5.04424020618629,5866729596.16504
Ghana,2017,,,GHS,257,4.391152140077821,4.2586,4.5065,5.821161884187287,0.4399366452435134,4.1511,4.6457,3536410000.0,60385409434.8567,8.12889488100956,12.3719215507048,-3.31643027470143,7015187159.64987
Ghana,2018,11880470763.49,17099588399.661,GHS,259,4.674253667953668,4.523,4.8377,6.957771390669909,0.366451794701033,4.4071,4.9022,3520566623.36831,67259353965.6087,6.20007768127284,7.80876516610703,-3.03986602950099,6294851564.02725
Ghana,2019,10439795453.291,16768275189.922,GHS,261,5.317749808429119,4.8643,5.6641,16.44224246037458,0.8847017552464878,4.8539,5.678,4053694728.81048,68352629246.1555,6.5077747939152,7.14364003330857,-2.72699375813964,7563210340.92838
Ghana,2020,,,GHS,262,5.730274427480916,5.6601,5.8794,3.874489850002649,0.6277633386110552,5.3008,5.9187,4291956800.55746,70008243859.8666,0.513941670628171,9.88728956269944,-3.04816313374944,7884091538.70727
Ghana,2021,17848192165.582,14823232488.086,GHS,260,5.9117380769230765,5.8954,6.1354,4.070970587237488,0.3881495253429031,5.7369,6.1655,1955950652.58157,79514204730.3979,5.07646643533542,9.9710886750444,-2.8205574143058,9916916899.67781
Ghana,2022,17962659788.548,17378757386.89,GHS,258,8.924343410852712,6.1445,9.6555,57.14053218325332,2.1001475310302484,6.1445,14.6806,2128085082.98706,73919003212.1998,3.80484978178042,31.2558951049016,-2.33126484632356,5205457212.278
Ghana,2023,16394367827.129,16874662286.131,GHS,256,11.58558046875,10.0223,11.9614,19.347854284944567,1.5588359802062184,10.0223,12.8662,2454335867.96485,80547146875.9526,3.14009100080186,38.1069656296501,-0.911884130701339,3623904994.58702
Ghana,2024,17529789635.643,20643931879.07,GHS,259,14.41182277992278,11.9639,14.5909,21.95772281613855,0.5425985554166558,11.9412,16.3546,3027416789.17939,83288585604.0268,5.84746854280382,22.8483281157842,1.91923157284388,4472457558.56406
Ghana,2025,20166910856.186,31975161923.111,GHS,258,12.566572480620154,14.5909,10.4701,-28.24226058707824,0.96976228133612,10.2383,15.6824,2422884615.85255,114209905278.717,5.95441714756899,14.2046755548989,8.22096928515243,
Kenya,2015,16058041798.93,5906821405.92,KES,365,98.18906849315069,90.65,102.44,13.006067291781577,0.2077059310168542,90.65,106.03,1569267849.83759,70120446896.8359,4.96772112759767,6.58215429284779,-6.30459656347733,7514864907.05536
Kenya,2016,14113435915.77,5697559391.24,KES,366,101.51360655737706,102.41,102.26,-0.1464700712820899,0.0872042708367982,100.51,102.57,1744639174.70127,74815144163.8931,4.21351706814744,6.29724953814625,-5.3970086381703,7553884912.6237
Kenya,2017,16690197046.812,5747414819.789,KES,365,103.39087671232876,102.32,103.1,0.762314308053158,0.0736243276307857,102.32,104.02,1962273106.47771,82036510877.2599,3.83795817364721,8.00564967709945,-6.99683322084959,7325420063.33911
Kenya,2018,17376721272.03,6050420682.217,KES,365,101.30635616438356,103.16,101.8,-1.3183404420317957,0.10815452451658,100.05,103.4,2720366061.45974,92202979985.2863,5.64794640709219,4.6898064677633,-5.41106679141752,8164380806.22987
Kenya,2019,17210001018.47,5836255973.92,KES,365,101.99739726027398,101.8,101.4,-0.3929273084479323,0.1309474406567571,99.64,104.37,2838192215.41576,100378436207.371,5.11415885767801,5.23963795764792,-5.23852935907811,9115806005.21186
Kenya,2020,15407437140.087,6021954588.7,KES,366,106.4683606557377,101.41,109.39,7.869046445123762,0.1775847961266874,100.4,111.58,3107932253.39579,100657505750.545,-0.272766327438816,5.40516207933392,-3.2691100706529,8297263558.90541
Kenya,2021,19594117729.988,6751366221.034,KES,365,109.63641095890412,109.4,113.11,3.391224862888476,0.1017830190353522,106.57,113.11,3770089638.54768,109703658904.994,7.59048947333467,6.10793603659176,-4.59900811539261,9490896580.9297
Kenya,2022,21100881275.088,7371116494.654,KES,364,117.86282967032967,113.11,123.33,9.03545221465829,0.0759654656868268,113.1,123.34,4059710201.31201,114448978152.637,4.85998104287999,7.65986268272224,-4.19995258299621,7969488013.00049
Kenya,2023,18604452437.681,7158109332.771,KES,365,139.83180821917807,123.35,156.83,27.142278070531024,0.092473084639765,123.33,156.84,4227611606.30686,107500884685.013,5.71999241214208,7.67139634029402,-2.54552534327702,7341776189.84466
Kenya,2024,20203122341.75,8255797029.967,KES,366,134.7675136612022,156.78,129.14,-17.62979971935197,0.3488495836388733,128.13,162.98,4999830478.63973,120397537849.826,4.66019594571891,4.48978854243448,-1.28724447407872,10066607177.351
Kenya,2025,,,KES,365,129.09276712328767,129.14,128.86,-0.2168189561715716,0.0596765931851782,128.66,129.85,,135941278878.815,4.63261093844984,4.06912878540729,,12394288741.4979
Nigeria,2015,33830878655.195,48433351369.653,NGN,258,197.28949612403105,182.94,198.61,8.565649939871012,0.622949934349257,178.32,203.27,20626046924.0079,493026682800.63,2.65269329541779,9.00943498007706,-3.13140101186134,29011450144.31
Nigeria,2016,35194301007.0,32883045467.0,NGN,259,256.42822393822394,198.6,307.65,54.90936555891237,1.8158057549251143,197.27,330.42,19697938003.8912,404649125252.16,-1.61686894903467,15.6968126387972,1.25472098152786,28020197619.3379
Nigeria,2017,31270090265.079,44466366757.115,NGN,257,310.0976653696498,305.79,305.23,-0.1831322149187353,1.6335994563718272,305.14,365.71,22037016831.8378,375745731053.427,0.805886619091581,16.5022662139641,3.60982550121524,40499220796.3652
Nigeria,2018,43011519138.034,62399696340.418,NGN,258,306.8222093023256,305.63,306.34,0.2323070379216529,0.4825411713663972,304.63,311.91,24311022415.6069,421739251509.08,1.92275734199798,12.0951065173432,1.72693303668361,43719362674.791
Nigeria,2019,47369076912.28,53617812190.3,NGN,258,306.72972868217056,306.33,305.69,-0.208925015506145,0.2150798564038674,305.4,310.23,23809281401.0144,668219992686.575,2.20842927835211,11.3964223378115,-2.04801100744941,39382191478.7729
Nigeria,2020,55455401890.467,34900471091.314,NGN,260,357.9334230769231,305.69,384.44,25.76139226013281,1.363704924826824,305.11,385.72,17207547305.9954,598586817817.392,-6.36889840468527,13.2460234276598,-2.67061135743947,38028751517.615
Nigeria,2021,52068286983.145,47231712930.364,NGN,261,400.7445593869732,386.08,412.01,6.716224616659772,0.4347263682770388,380.15,414.09,19483402058.9105,609147716965.348,1.109252540249,16.9528457221608,-0.534215770600622,41727503547.2316
Nigeria,2022,60671382373.661,63416711381.605,NGN,260,423.6657307692308,414.16,447.44,8.035541819586633,0.2010401998720081,412.29,452.49,20127614150.5134,646950257575.455,4.31882949157136,18.8471877843274,0.15744623858689,36809762970.197
Nigeria,2023,65047894217.899,65129007547.867,NGN,257,639.8598054474709,449.82,901.24,100.35569783468942,1.890181727673664,447.95,909.81,19549549365.0158,487387801877.803,3.31590368111438,24.659550203114,1.31788745938512,33452495121.7329
Nigeria,2024,40967693021.417,52361700787.283,NGN,259,1479.0002316602315,907.74,1539.41,69.5871064401701,2.426845216181394,874.91,1694.39,22126757545.065,252261880140.271,4.07106650147703,33.2416590552749,7.5441345734549,40405994024.7986
Nigeria,2025,44354013636.384,56063265928.563,NGN,315,1513.101111111111,1538.56,1444.71,-6.099859608985014,0.3742070327388201,1435.99,1633.42,22789097830.3714,290794361542.112,4.01336180700973,23.0101235833333,4.82784315736378,46024916767.4055
South_Africa,2015,85267207335.952,80035689874.235,ZAR,365,12.760927123287672,11.5822,15.531,34.09369549826457,0.5862956506344117,11.3412,15.6282,825253479.87049,346709790458.563,1.32186223678229,4.51869094892506,-4.31028688643789,45887065756.7249
South_Africa,2016,75149135298.341,75912597473.476,ZAR,366,14.706168306010929,15.5544,13.6997,-11.923957208249746,0.7886436341827646,13.2905,16.8065,755434048.949775,323585509674.481,0.664552307858116,6.60290842394872,-2.63361451678797,47180127300.8565
South_Africa,2017,83086880674.466,88233218989.624,ZAR,365,13.3146698630137,13.7008,12.3381,-9.946134532290074,0.5630098115980062,12.3381,14.4396,873861160.607838,381448814653.456,1.15794695181735,5.18618655524149,-2.37436753188649,50722891363.2361
South_Africa,2018,92636961890.609,93677434344.6,ZAR,365,13.245504931506847,12.3385,14.4001,16.708676095149322,0.6322123440811273,11.5759,15.4355,929043381.126847,405260723892.517,1.55678384721676,4.50987264867388,-3.00051939426576,51642041966.6735
South_Africa,2019,88037490927.971,89395988333.925,ZAR,365,14.448530958904112,14.392,14.0432,-2.4235686492495745,0.487936746012931,13.3117,15.3653,890059293.728209,389330032224.269,0.25993557687633,4.10285075461156,-2.6199906748304,55055893656.867
South_Africa,2020,68943156587.84,85226766450.055,ZAR,366,16.459309836065575,14.0404,14.6535,4.366684709837321,0.6197461527455743,14.0355,19.0236,810881603.952635,337974655408.055,-6.1689177146757,3.23238831615113,2.00352275153333,55008491995.5568
South_Africa,2021,93439563371.935,121321278845.567,ZAR,365,14.783108219178082,14.659,15.9142,8.56265775291629,0.5189665567248526,13.5015,16.1642,926650843.653293,419986284375.368,4.85864865060148,4.61874544887136,3.7724136934501,57597149617.2517
South_Africa,2022,111880322479.528,121616282067.877,ZAR,365,16.367355616438356,15.9212,16.9703,6.589327437630344,0.541567079489319,14.515,18.3858,872855576.231191,407596043067.885,2.05813661692193,7.03987272546482,-0.296182598127432,60553113006.2544
South_Africa,2023,107122724129.389,110607523884.529,ZAR,365,18.44091561643836,16.9697,18.4393,8.66014131068904,0.5315548561622677,16.8114,19.7493,803385605.182583,381440724491.232,0.80610455095804,6.0752438457966,-1.10356312207881,62491675820.3129
South_Africa,2024,101178542032.123,110042333524.38,ZAR,366,18.318059289617487,18.4265,18.7907,1.976501234634909,0.39032509946629,17.1405,19.2845,855374671.121348,401144998373.585,0.534843531905139,4.36115246518962,-0.64279979707505,65434957159.2265
South_Africa,2025,104948634605.015,116380900756.916,ZAR,365,17.87463726027397,18.809,16.5892,-11.801797012068684,0.3650477587926681,16.5892,19.6277,1004741847.38267,427184325997.307,1.11462608103956,3.20550474112603,-0.422766754018983,76023398333.6109
Tanzania,2015,14705968733.0,5854230521.0,TZS,363,2028.390523415978,1730.16,2160.82,24.8913395292921,0.8085442763079961,1727.76,2322.07,387768775.189672,47413919817.124,6.16062877406682,5.58816952959298,-5.52237840763772,4080762377.72074
Tanzania,2016,7876086602.0,4741924583.0,TZS,366,2184.3863661202186,2160.82,2172.03,0.518784535500405,0.1383048621187105,2160.21,2202.84,402531458.346674,49774409374.4538,6.86711619644551,5.17476629301493,-2.44600098634938,4350687047.93764
Tanzania,2017,7765411242.0,4178109062.771,TZS,365,2234.5210684931503,2173.58,2232.26,2.699693593058461,0.129305464539884,2173.58,2270.65,402634721.769049,53274884532.7886,6.72726996832438,5.31871605228931,-2.77322833378381,5887869884.67437
Tanzania,2018,8553677024.139,3669212438.537,TZS,365,2273.7896438356165,2233.44,2295.71,2.7880757933949507,0.1019383488489822,2233.44,2306.41,412910078.031612,57003712892.0858,5.50267599384966,3.49445848856181,-4.05016373285836,5049646420.4773
Tanzania,2019,9054671035.44,5003764881.184,TZS,365,2303.1212328767124,2295.33,2298.4,0.1337498311789753,0.0947786902034066,2289.99,2351.3,433499813.406953,61026731925.9213,5.79999999996723,3.46428057999021,-2.19612703390999,
Tanzania,2020,8516523405.047,6076410130.381,TZS,366,2311.4061202185794,2298.5,2321.47,0.9993474004785564,0.0793012877028007,2294.85,2321.78,326160727.762652,66068737786.0639,1.99196460647855,3.29029062798325,-2.2076089771516,
Tanzania,2021,10873264133.534,6390862886.744,TZS,365,2311.751232876712,2321.47,2301.85,-0.8451541480182789,0.0614998993564699,2294.71,2323.36,558427114.020975,70655628147.8986,4.32138429480482,3.69091958802199,-3.36035890344051,
Tanzania,2022,15654447273.284,6824846110.904,TZS,365,2321.586958904109,2301.86,2328.45,1.1551527894832825,0.0927083176156124,2298.35,2337.94,703752774.724637,75749121846.9703,4.56600576430955,4.35027204269101,-7.2373333204952,
Tanzania,2023,15117482286.806,7274328787.87,TZS,365,2412.012356164384,2328.49,2513.86,7.960953235788026,0.1458179209189319,2326.72,2514.7,1237899448.64826,79030935638.1317,5.06952353203394,3.79923291384916,-3.74610299942785,
Tanzania,2024,15684503481.074,8702027903.943,TZS,366,2609.720382513661,2512.65,2420.76,-3.6570950988000672,0.4705697743876956,2324.07,2728.48,1123259919.1452,79235713444.9777,5.5263138305945,3.05694676312373,-3.00342879227062,
Tanzania,2025,,,TZS,365,2549.054794520548,2418.53,2456.47,1.5687214961153997,0.3372710117986322,2415.39,2693.68,,90143496090.4411,5.85286828692739,3.32697361316105,,
Uganda,2015,5528117117.0,2267008685.0,UGX,364,3248.949725274725,2781.64,3395.03,22.051379761579515,0.574457728019513,2781.64,3714.99,902157540.45858,32387183730.1002,5.18785986002466,5.58968606251725,-5.16028723789941,2908876773.27382
Uganda,2016,4829459128.0,2482313415.0,UGX,366,3433.344918032787,3394.81,3614.94,6.484309873012051,0.2542581597051893,3325.81,3653.81,1146050427.30299,29203988696.2626,4.78100029254482,5.70637504616212,-2.85393787294637,3097848069.80846
Uganda,2017,5595903639.36,2901465679.76,UGX,365,3625.900904109589,3619.68,3642.47,0.6296136675065123,0.11115209049603,3593.12,3684.34,1165739410.77889,30744473841.424,3.13140551723596,5.20971705914209,-4.88278660173815,3720863721.20488
Uganda,2018,6729436499.55,3087363576.21,UGX,365,3743.367287671233,3646.2,3728.91,2.268389007734073,0.1981961475782991,3635.98,3912.1,1338053924.78985,32927025619.6795,6.30392378262997,2.61601190952274,-6.32983605256251,3233114649.90299
Uganda,2019,7696028888.77,3563784978.21,UGX,365,3720.7965479452055,3728.41,3687.6,-1.0945684621594731,0.1334240319875446,3673.76,3791.0,1424508662.67091,35353061003.4359,6.43874503276439,2.867588034469,-7.44419073613669,3246999026.90564
Uganda,2020,8250512382.0,4148958329.0,UGX,366,3734.876666666667,3687.81,3673.11,-0.3986105574853349,0.2022333405663924,3659.05,3920.27,1061902500.31817,37600368241.6657,2.95130642218098,3.31332289544502,-9.56958764500258,3912651478.07551
Uganda,2021,9086036680.36,3965317044.55,UGX,365,3603.0810958904112,3675.52,3553.69,-3.314633031516623,0.1471114606970903,3535.11,3726.68,1155212579.46723,40529788748.6737,3.53658034070898,2.20457204757414,-8.89448758335781,4878616030.6679
Uganda,2022,9747768913.48,3577444401.67,UGX,365,3706.456630136986,3557.13,3728.78,4.825519449668692,0.2935589019805427,3500.06,3898.84,1250376025.66842,45565333210.9108,4.58802192181773,7.1957888597581,-8.91897823001289,4080407824.1636
Uganda,2023,11780107481.99,6305023286.34,UGX,365,3742.1864383561647,3730.26,3796.52,1.7762836906810795,0.2188548840473621,3626.93,3844.4,1513799456.22875,48768955863.3175,5.33697295511469,5.35094804280395,-7.43279149697524,3939109256.17839
Uganda,2024,13832924772.85,8039344375.93,UGX,366,3772.3795355191255,3797.82,3686.08,-2.942214217630124,0.1798293347891624,3651.51,3964.45,1429424668.61517,53911907079.0485,6.05558075875589,3.32338033691819,-7.7752151397725,3482906765.58962
Uganda,2025,,,UGX,365,3610.4047397260274,3687.13,3619.53,-1.8334043009061276,0.2239382353899297,3433.64,3719.9,,61985829288.1496,6.33181157677313,3.58082784438067,,
